{
  "users_evaluated": 2000,
  "validation_positive_users": 22017,
  "eligible_warm_users": 7749,
  "warm_user_coverage": 0.35195530726256985,
  "validation_positive_rows": 1561960,
  "eligible_validation_positive_rows": 297453,
  "catalog_size": 87585,
  "cutoff_timestamp": 1604605535,
  "cutoff_utc": "2020-11-05T19:45:35+00:00",
  "val_fraction": 0.1,
  "positive_threshold": 4.0,
  "sample_seed": 42,
  "sampled_user_sha256": "1e44b9382a60e7b2dfcf9417dd7325aab7f3c012777e96d03890cac6465ee1cc",
  "item_embeddings_sha256": "d2c273621ba45ca4bc8db2f642d7cab747a9dc197c9b2deb136cb19e92b02d5b",
  "eligible_positive_row_coverage": 0.19043573458987426,
  "recall@10_two_tower": 0.055681563335703996,
  "recall@50_two_tower": 0.155744842077599,
  "recall@100_two_tower": 0.236629727296338,
  "recall@500_two_tower": 0.4882781575433844,
  "hit_rate@10_two_tower": 0.5115,
  "precision@10_two_tower": 0.13205,
  "ndcg@10_two_tower": 0.15444405239502595,
  "mrr@10_two_tower": 0.2910577380952381,
  "coverage@100_two_tower": 0.051618427812981676,
  "recall@10_popularity": 0.025949625793409262,
  "recall@50_popularity": 0.08236170885495533,
  "recall@100_popularity": 0.12687307807720402,
  "recall@500_popularity": 0.2999663814013353,
  "hit_rate@10_popularity": 0.3525,
  "precision@10_popularity": 0.07545,
  "ndcg@10_popularity": 0.08792802835217457,
  "mrr@10_popularity": 0.18774027777777777,
  "coverage@100_popularity": 0.010652508991265628,
  "recall@10_random": 6.709062043030779e-05,
  "recall@50_random": 0.00041163353990183207,
  "recall@100_random": 0.0008456906656087163,
  "recall@500_random": 0.006480370406230264,
  "hit_rate@10_random": 0.0045,
  "precision@10_random": 0.00044999999999999993,
  "ndcg@10_random": 0.0005394459680139166,
  "mrr@10_random": 0.001826190476190476,
  "coverage@100_random": 0.898749785922247
}