{
  "protocol": "global_future_cold_users_earliest_positive_seeds",
  "cohort": "validation",
  "cohort_split_seed": 42,
  "cohort_counts": {
    "eligible_all": 14214,
    "eligible_validation": 7154,
    "eligible_test": 7060
  },
  "users_selected": 2000,
  "selected_user_sha256": "fb37148d32baba18d91b5de3fc1790f0e85e81304f768645b33f4ebe71997045",
  "catalog_size": 87585,
  "cutoff_timestamp": 1604605535,
  "cutoff_utc": "2020-11-05T19:45:35+00:00",
  "val_fraction": 0.1,
  "positive_threshold": 4.0,
  "popularity_weight": 0.0,
  "item_embeddings_sha256": "d2c273621ba45ca4bc8db2f642d7cab747a9dc197c9b2deb136cb19e92b02d5b",
  "results_by_seed_count": {
    "1": {
      "users_evaluated": 2000,
      "methods": {
        "taste_model": {
          "hit_rate@10": 0.816,
          "precision@10": 0.3344,
          "recall@10": 0.06432568180826607,
          "recall@50": 0.18996093787990923,
          "recall@100": 0.28193417216633054,
          "ndcg@10": 0.3576001656515602,
          "mrr@10": 0.5785075396825397,
          "catalog_coverage@100": 0.13252269224182223
        },
        "popularity": {
          "hit_rate@10": 0.8125,
          "precision@10": 0.29345,
          "recall@10": 0.05247580642256951,
          "recall@50": 0.16502055421141462,
          "recall@100": 0.24869956469755375,
          "ndcg@10": 0.31427579069390765,
          "mrr@10": 0.5231892857142857,
          "catalog_coverage@100": 0.00115316549637495
        }
      }
    },
    "3": {
      "users_evaluated": 2000,
      "methods": {
        "taste_model": {
          "hit_rate@10": 0.855,
          "precision@10": 0.33859999999999996,
          "recall@10": 0.06816447923801823,
          "recall@50": 0.20948194642865392,
          "recall@100": 0.32125777001233946,
          "ndcg@10": 0.3595237626386986,
          "mrr@10": 0.5741404761904761,
          "catalog_coverage@100": 0.0959753382428498
        },
        "popularity": {
          "hit_rate@10": 0.765,
          "precision@10": 0.25875,
          "recall@10": 0.046554812744402,
          "recall@50": 0.15032568445138697,
          "recall@100": 0.23579192544117802,
          "ndcg@10": 0.2755492104734046,
          "mrr@10": 0.46407321428571424,
          "catalog_coverage@100": 0.0011760004566992064
        }
      }
    },
    "5": {
      "users_evaluated": 2000,
      "methods": {
        "taste_model": {
          "hit_rate@10": 0.8365,
          "precision@10": 0.32345000000000007,
          "recall@10": 0.06667548579185249,
          "recall@50": 0.21562987131111747,
          "recall@100": 0.3338309494886276,
          "ndcg@10": 0.3403395259783963,
          "mrr@10": 0.5364255952380952,
          "catalog_coverage@100": 0.0769994862133927
        },
        "popularity": {
          "hit_rate@10": 0.7245,
          "precision@10": 0.23410000000000003,
          "recall@10": 0.042802648499380556,
          "recall@50": 0.14026868193733555,
          "recall@100": 0.22565350955036098,
          "ndcg@10": 0.2503792507397496,
          "mrr@10": 0.43436646825396824,
          "catalog_coverage@100": 0.001198835417023463
        }
      }
    }
  }
}
